rr_ms,time_s
727.7777777777778,0.9111111111111111
691.6666666666666,1.6208333333333333
713.8888888888889,2.323611111111111
713.8888888888889,3.0375
713.8888888888889,3.751388888888889
727.7777777777778,4.472222222222222
761.1111111111111,5.216666666666667
755.5555555555555,5.975
730.5555555555555,6.718055555555556
702.7777777777778,7.434722222222222
691.6666666666666,8.131944444444445
697.2222222222222,8.82638888888889
722.2222222222222,9.536111111111111
755.5555555555555,10.275
741.6666666666666,11.02361111111111
747.2222222222222,11.768055555555556
733.3333333333334,12.508333333333333
738.8888888888889,13.244444444444444
702.7777777777778,13.965277777777779
702.7777777777778,14.668055555555556
755.5555555555555,16.830555555555556
758.3333333333334,17.5875
744.4444444444445,18.33888888888889
722.2222222222222,19.072222222222223
694.4444444444445,19.780555555555555
722.2222222222222,20.488888888888887
725.0,21.2125
761.1111111111111,23.408333333333335
736.1111111111111,24.156944444444445
733.3333333333334,24.891666666666666
713.8888888888889,25.615277777777777
694.4444444444445,26.319444444444443
680.5555555555555,27.006944444444443
722.2222222222222,27.708333333333332
763.8888888888889,28.45138888888889
736.1111111111111,29.20138888888889
730.5555555555555,29.934722222222224
722.2222222222222,30.66111111111111
711.1111111111111,31.377777777777776
700.0,32.083333333333336
708.3333333333334,32.7875
711.1111111111111,33.49722222222222
727.7777777777778,34.21666666666667
736.1111111111111,36.44305555555555
708.3333333333334,37.165277777777774
688.8888888888889,37.86388888888889
697.2222222222222,38.55694444444445
686.1111111111111,39.24861111111111
733.3333333333334,39.958333333333336
747.2222222222222,40.69861111111111
741.6666666666666,41.44305555555555
716.6666666666666,42.172222222222224
733.3333333333334,42.897222222222226
719.4444444444445,43.62361111111111
694.4444444444445,44.330555555555556
697.2222222222222,45.02638888888889
708.3333333333334,45.729166666666664
733.3333333333334,46.45
761.1111111111111,47.19722222222222
750.0,47.952777777777776
727.7777777777778,48.69166666666667
711.1111111111111,49.41111111111111
700.0,50.11666666666667
716.6666666666666,50.825
711.1111111111111,51.53888888888889
733.3333333333334,52.26111111111111
741.6666666666666,52.99861111111111
750.0,53.74444444444445
733.3333333333334,54.486111111111114
725.0,55.21527777777778
705.5555555555555,55.93055555555556
702.7777777777778,56.63472222222222
691.6666666666666,57.331944444444446
741.6666666666666,58.048611111111114
727.7777777777778,60.297222222222224
727.7777777777778,61.025
697.2222222222222,61.7375
702.7777777777778,62.4375
711.1111111111111,63.144444444444446
705.5555555555555,63.852777777777774
727.7777777777778,64.56944444444444
736.1111111111111,65.3013888888889
763.8888888888889,66.0513888888889
733.3333333333334,66.8
691.6666666666666,67.5125
688.8888888888889,68.20277777777778
752.7777777777778,70.35138888888889
750.0,71.10277777777777
736.1111111111111,71.84583333333333
713.8888888888889,72.57083333333334
727.7777777777778,73.29166666666667
708.3333333333334,74.00972222222222
691.6666666666666,74.70972222222223
702.7777777777778,75.40694444444445
711.1111111111111,76.1138888888889
738.8888888888889,76.83888888888889
752.7777777777778,77.58472222222223
747.2222222222222,78.33472222222223
708.3333333333334,79.0625
680.5555555555555,79.75694444444444
705.5555555555555,80.45
722.2222222222222,81.16388888888889
711.1111111111111,81.88055555555556
733.3333333333334,82.60277777777777
744.4444444444445,83.34166666666667
733.3333333333334,84.08055555555555
725.0,84.80972222222222
708.3333333333334,85.52638888888889
688.8888888888889,86.225
697.2222222222222,86.91805555555555
702.7777777777778,87.61805555555556
736.1111111111111,88.3375
758.3333333333334,89.08472222222223
747.2222222222222,89.8375
719.4444444444445,90.57083333333334
697.2222222222222,91.27916666666667
688.8888888888889,91.97222222222223
711.1111111111111,92.67222222222222
719.4444444444445,93.3875
725.0,94.10972222222222
733.3333333333334,94.83888888888889
744.4444444444445,95.57777777777778
766.6666666666666,96.33333333333333
716.6666666666666,97.075
683.3333333333334,97.775
691.6666666666666,98.4625
719.4444444444445,99.16805555555555
730.5555555555555,99.89305555555555
758.3333333333334,100.6375
741.6666666666666,101.3875
727.7777777777778,103.56111111111112
702.7777777777778,104.27638888888889
691.6666666666666,104.97361111111111
697.2222222222222,105.66805555555555
733.3333333333334,106.38333333333334
727.7777777777778,107.1138888888889
741.6666666666666,107.84861111111111
738.8888888888889,108.58888888888889
700.0,109.30833333333334
675.0,109.99583333333334
708.3333333333334,110.6875
711.1111111111111,111.39722222222223
716.6666666666666,112.11111111111111
711.1111111111111,112.825
733.3333333333334,113.54722222222222
730.5555555555555,114.27916666666667
708.3333333333334,114.99861111111112
705.5555555555555,115.70555555555555
683.3333333333334,116.4
686.1111111111111,117.08472222222223
694.4444444444445,117.775
747.2222222222222,118.49583333333334
736.1111111111111,119.2375
733.3333333333334,119.97222222222223
697.2222222222222,120.6875
683.3333333333334,121.37777777777778
672.2222222222222,122.05555555555556
700.0,122.74166666666666
705.5555555555555,123.44444444444444
691.6666666666666,124.14305555555555
719.4444444444445,124.84861111111111
733.3333333333334,125.575
747.2222222222222,126.31527777777778
680.5555555555555,128.4013888888889
686.1111111111111,129.0847222222222
694.4444444444445,129.775
730.5555555555555,130.4875
733.3333333333334,131.21944444444443
733.3333333333334,131.95277777777778
702.7777777777778,132.67083333333332
700.0,133.37222222222223
702.7777777777778,134.07361111111112
694.4444444444445,134.7722222222222
683.3333333333334,135.4611111111111
708.3333333333334,136.15694444444443
738.8888888888889,136.88055555555556
744.4444444444445,137.62222222222223
736.1111111111111,138.3625
708.3333333333334,139.0847222222222
694.4444444444445,139.7861111111111
677.7777777777778,140.47222222222223
713.8888888888889,141.16805555555555
716.6666666666666,141.88333333333333
736.1111111111111,142.60972222222222
733.3333333333334,143.34444444444443
736.1111111111111,144.07916666666668
711.1111111111111,144.80277777777778
708.3333333333334,145.5125
713.8888888888889,146.2236111111111
697.2222222222222,146.92916666666667
697.2222222222222,147.6263888888889
738.8888888888889,148.34444444444443
772.2222222222222,149.1
730.5555555555555,149.8513888888889
708.3333333333334,150.57083333333333
708.3333333333334,151.27916666666667
691.6666666666666,151.97916666666666
705.5555555555555,152.67777777777778
716.6666666666666,153.38888888888889
716.6666666666666,154.10555555555555
738.8888888888889,154.83333333333334
741.6666666666666,155.57361111111112
758.3333333333334,156.32361111111112
705.5555555555555,157.05555555555554
697.2222222222222,157.75694444444446
686.1111111111111,158.44861111111112
763.8888888888889,160.56527777777777
747.2222222222222,161.32083333333333
730.5555555555555,162.05972222222223
713.8888888888889,162.78194444444443
708.3333333333334,163.49305555555554
705.5555555555555,164.2
705.5555555555555,164.90555555555557
691.6666666666666,165.60416666666666
725.0,166.3125
741.6666666666666,167.04583333333332
758.3333333333334,167.79583333333332
736.1111111111111,168.54305555555555
705.5555555555555,169.26388888888889
691.6666666666666,169.9625
688.8888888888889,170.65277777777777
722.2222222222222,171.35833333333332
727.7777777777778,172.08333333333334
744.4444444444445,172.81944444444446
722.2222222222222,173.55277777777778
741.6666666666666,174.28472222222223
702.7777777777778,175.00694444444446
702.7777777777778,175.7097222222222
702.7777777777778,176.4125
697.2222222222222,177.1125
691.6666666666666,177.80694444444444
736.1111111111111,178.52083333333334
761.1111111111111,179.26944444444445
730.5555555555555,180.01527777777778
694.4444444444445,180.7277777777778
694.4444444444445,181.42222222222222
691.6666666666666,182.11527777777778
686.1111111111111,182.80416666666667
711.1111111111111,183.50277777777777
708.3333333333334,184.2125
727.7777777777778,184.93055555555554
719.4444444444445,187.10416666666666
691.6666666666666,187.80972222222223
672.2222222222222,188.49166666666667
686.1111111111111,189.17083333333332
694.4444444444445,189.86111111111111
736.1111111111111,190.57638888888889
747.2222222222222,191.31805555555556
722.2222222222222,192.05277777777778
702.7777777777778,192.76527777777778
694.4444444444445,193.4638888888889
708.3333333333334,194.1652777777778
683.3333333333334,194.86111111111111
694.4444444444445,195.55
713.8888888888889,196.25416666666666
738.8888888888889,196.98055555555555
736.1111111111111,197.71805555555557
744.4444444444445,198.45833333333334
700.0,199.18055555555554
688.8888888888889,199.875
686.1111111111111,200.5625
752.7777777777778,202.7263888888889
725.0,203.46527777777777
736.1111111111111,204.19583333333333
722.2222222222222,204.925
711.1111111111111,205.64166666666668
716.6666666666666,207.74444444444444
738.8888888888889,208.47222222222223
766.6666666666666,209.225
744.4444444444445,209.98055555555555
711.1111111111111,210.70833333333334
691.6666666666666,211.40972222222223
700.0,212.10555555555555
700.0,212.80555555555554
722.2222222222222,213.51666666666668
725.0,214.24027777777778
747.2222222222222,214.9763888888889
725.0,215.7125
744.4444444444445,216.44722222222222
713.8888888888889,217.17638888888888
691.6666666666666,217.87916666666666
683.3333333333334,218.56666666666666
708.3333333333334,219.2625
705.5555555555555,219.96944444444443
744.4444444444445,220.69444444444446
755.5555555555555,221.44444444444446
733.3333333333334,222.1888888888889
691.6666666666666,222.9013888888889
708.3333333333334,223.6013888888889
716.6666666666666,224.3138888888889
688.8888888888889,225.01666666666668
691.6666666666666,225.70694444444445
727.7777777777778,226.41666666666666
736.1111111111111,227.1486111111111
736.1111111111111,227.88472222222222
738.8888888888889,228.62222222222223
702.7777777777778,229.34305555555557
677.7777777777778,230.03333333333333
688.8888888888889,230.71666666666667
727.7777777777778,231.425
719.4444444444445,232.1486111111111
741.6666666666666,232.87916666666666
725.0,233.6125
727.7777777777778,234.3388888888889
702.7777777777778,235.05416666666667
713.8888888888889,235.7625
705.5555555555555,236.47222222222223
691.6666666666666,237.17083333333332
705.5555555555555,237.86944444444444
752.7777777777778,238.5986111111111
761.1111111111111,239.35555555555555
736.1111111111111,240.10416666666666
697.2222222222222,240.82083333333333
697.2222222222222,241.51805555555555
683.3333333333334,242.20833333333334
705.5555555555555,242.90277777777777
722.2222222222222,243.61666666666667
727.7777777777778,244.34166666666667
752.7777777777778,245.08194444444445
738.8888888888889,245.82777777777778
750.0,246.57222222222222
711.1111111111111,247.30277777777778
697.2222222222222,248.00694444444446
688.8888888888889,248.7
711.1111111111111,249.4
722.2222222222222,250.11666666666667
755.5555555555555,250.85555555555555
752.7777777777778,251.60972222222222
738.8888888888889,252.35555555555555
700.0,253.075
702.7777777777778,253.7763888888889
722.2222222222222,254.48888888888888
705.5555555555555,255.20277777777778
705.5555555555555,255.90833333333333
744.4444444444445,256.6333333333333
747.2222222222222,257.37916666666666
747.2222222222222,258.12638888888887
750.0,258.875
702.7777777777778,259.6013888888889
683.3333333333334,260.2944444444444
708.3333333333334,260.9902777777778
750.0,261.71944444444443
736.1111111111111,262.4625
738.8888888888889,263.2
752.7777777777778,263.9458333333333
744.4444444444445,264.69444444444446
713.8888888888889,265.4236111111111
708.3333333333334,266.1347222222222
702.7777777777778,266.84027777777777
711.1111111111111,267.5472222222222
727.7777777777778,268.26666666666665
772.2222222222222,269.01666666666665
752.7777777777778,269.77916666666664
738.8888888888889,270.525
708.3333333333334,271.24861111111113
702.7777777777778,271.95416666666665
688.8888888888889,272.65
730.5555555555555,273.3597222222222
744.4444444444445,274.09722222222223
744.4444444444445,274.84166666666664
738.8888888888889,275.5833333333333
761.1111111111111,276.3333333333333
733.3333333333334,277.0805555555556
705.5555555555555,277.8
688.8888888888889,278.4972222222222
700.0,279.19166666666666
719.4444444444445,279.9013888888889
752.7777777777778,280.6375
763.8888888888889,281.3958333333333
722.2222222222222,282.1388888888889
716.6666666666666,282.85833333333335
697.2222222222222,284.9847222222222
702.7777777777778,285.6847222222222
725.0,286.3986111111111
741.6666666666666,287.13194444444446
727.7777777777778,287.8666666666667
727.7777777777778,288.59444444444443
702.7777777777778,289.3097222222222
694.4444444444445,290.0083333333333
675.0,290.69305555555553
711.1111111111111,291.3861111111111
738.8888888888889,292.1111111111111
738.8888888888889,292.85
716.6666666666666,293.5777777777778
733.3333333333334,294.3027777777778
713.8888888888889,295.0263888888889
697.2222222222222,295.7319444444444
702.7777777777778,296.43194444444447
688.8888888888889,297.1277777777778
705.5555555555555,297.825
719.4444444444445,298.5375
758.3333333333334,299.2763888888889
700.0,301.44444444444446
694.4444444444445,302.14166666666665
677.7777777777778,302.8277777777778
711.1111111111111,303.52222222222224
736.1111111111111,304.24583333333334
736.1111111111111,304.9819444444444
725.0,305.7125
738.8888888888889,306.44444444444446
727.7777777777778,307.1777777777778
688.8888888888889,307.8861111111111
675.0,308.56805555555553
694.4444444444445,309.2527777777778
708.3333333333334,309.95416666666665
736.1111111111111,310.6763888888889
752.7777777777778,311.42083333333335
725.0,312.15972222222223
705.5555555555555,312.875
700.0,313.5777777777778
711.1111111111111,314.28333333333336
688.8888888888889,314.98333333333335
708.3333333333334,315.68194444444447
725.0,316.3986111111111
750.0,317.1361111111111
730.5555555555555,317.87638888888887
738.8888888888889,318.6111111111111
708.3333333333334,319.33472222222224
691.6666666666666,320.03472222222223
680.5555555555555,320.72083333333336
711.1111111111111,321.4166666666667
738.8888888888889,322.14166666666665
752.7777777777778,322.8875
730.5555555555555,323.62916666666666
727.7777777777778,324.35833333333335
713.8888888888889,325.07916666666665
708.3333333333334,325.79027777777776
708.3333333333334,326.49861111111113
694.4444444444445,327.2
711.1111111111111,327.90277777777777
744.4444444444445,330.1333333333333
711.1111111111111,330.8611111111111
688.8888888888889,331.56111111111113
697.2222222222222,332.25416666666666
697.2222222222222,332.9513888888889
708.3333333333334,333.65416666666664
736.1111111111111,334.37638888888887
744.4444444444445,335.1166666666667
716.6666666666666,335.84722222222223
741.6666666666666,336.5763888888889
719.4444444444445,337.30694444444447
700.0,338.01666666666665
677.7777777777778,338.7055555555556
708.3333333333334,339.3986111111111
713.8888888888889,340.1097222222222
750.0,340.84166666666664
763.8888888888889,341.5986111111111
733.3333333333334,342.34722222222223
697.2222222222222,343.0625
697.2222222222222,343.7597222222222
727.7777777777778,344.47222222222223
697.2222222222222,345.1847222222222
700.0,345.8833333333333
741.6666666666666,346.6041666666667
752.7777777777778,347.3513888888889
741.6666666666666,348.0986111111111
738.8888888888889,348.8388888888889
705.5555555555555,349.56111111111113
741.6666666666666,351.66805555555555
738.8888888888889,352.40833333333336
750.0,353.15277777777777
738.8888888888889,353.89722222222224
727.7777777777778,354.63055555555553
705.5555555555555,355.34722222222223
713.8888888888889,356.05694444444447
711.1111111111111,356.76944444444445
708.3333333333334,357.4791666666667
722.2222222222222,358.19444444444446
752.7777777777778,358.93194444444447
763.8888888888889,359.6902777777778
736.1111111111111,360.4402777777778
700.0,361.15833333333336
691.6666666666666,361.8541666666667
702.7777777777778,362.5513888888889
708.3333333333334,363.25694444444446
725.0,363.9736111111111
733.3333333333334,364.7027777777778
738.8888888888889,365.43888888888887
730.5555555555555,366.1736111111111
736.1111111111111,366.90694444444443
694.4444444444445,367.6222222222222
691.6666666666666,368.3152777777778
683.3333333333334,369.0027777777778
719.4444444444445,369.70416666666665
727.7777777777778,370.4277777777778
758.3333333333334,371.17083333333335
744.4444444444445,371.9222222222222
730.5555555555555,372.65972222222223
686.1111111111111,373.36805555555554
702.7777777777778,374.0625
716.6666666666666,374.77222222222224
713.8888888888889,375.4875
708.3333333333334,376.1986111111111
747.2222222222222,376.9263888888889
741.6666666666666,377.67083333333335
750.0,378.4166666666667
725.0,379.15416666666664
700.0,379.8666666666667
688.8888888888889,380.56111111111113
702.7777777777778,381.25694444444446
752.7777777777778,381.9847222222222
741.6666666666666,382.7319444444444
741.6666666666666,383.4736111111111
733.3333333333334,384.2111111111111
736.1111111111111,384.9458333333333
691.6666666666666,385.65972222222223
713.8888888888889,386.3625
708.3333333333334,387.0736111111111
711.1111111111111,387.78333333333336
733.3333333333334,388.50555555555553
775.0,389.2597222222222
755.5555555555555,390.025
730.5555555555555,390.7680555555556
702.7777777777778,391.4847222222222
688.8888888888889,392.18055555555554
694.4444444444445,392.8722222222222
733.3333333333334,393.5861111111111
750.0,394.3277777777778
741.6666666666666,395.0736111111111
733.3333333333334,395.81111111111113
750.0,396.5527777777778
727.7777777777778,397.2916666666667
702.7777777777778,398.00694444444446
688.8888888888889,398.7027777777778
708.3333333333334,399.4013888888889
733.3333333333334,400.1222222222222
758.3333333333334,400.86805555555554
758.3333333333334,401.62638888888887
733.3333333333334,402.3722222222222
719.4444444444445,403.0986111111111
697.2222222222222,403.80694444444447
713.8888888888889,404.5125
708.3333333333334,405.2236111111111
719.4444444444445,405.9375
733.3333333333334,406.6638888888889
750.0,407.40555555555557
711.1111111111111,409.59722222222223
697.2222222222222,410.3013888888889
688.8888888888889,410.99444444444447
722.2222222222222,411.7
752.7777777777778,412.4375
755.5555555555555,413.19166666666666
716.6666666666666,413.9277777777778
719.4444444444445,414.6458333333333
700.0,415.35555555555555
697.2222222222222,416.0541666666667
711.1111111111111,416.7583333333333
702.7777777777778,417.46527777777777
716.6666666666666,418.175
736.1111111111111,418.9013888888889
766.6666666666666,419.65277777777777
722.2222222222222,420.39722222222224
697.2222222222222,421.1069444444444
688.8888888888889,421.8
700.0,422.49444444444447
694.4444444444445,423.19166666666666
722.2222222222222,423.9
741.6666666666666,424.63194444444446
741.6666666666666,425.37361111111113
727.7777777777778,426.10833333333335
738.8888888888889,426.84166666666664
713.8888888888889,427.56805555555553
700.0,428.275
697.2222222222222,428.9736111111111
722.2222222222222,429.68333333333334
730.5555555555555,430.40972222222223
763.8888888888889,431.15694444444443
761.1111111111111,431.9194444444444
716.6666666666666,432.65833333333336
697.2222222222222,433.3652777777778
702.7777777777778,434.0652777777778
713.8888888888889,434.7736111111111
738.8888888888889,436.94166666666666
738.8888888888889,437.68055555555554
738.8888888888889,438.4194444444444
719.4444444444445,439.1486111111111
686.1111111111111,439.8513888888889
691.6666666666666,440.54027777777776
691.6666666666666,441.2319444444444
730.5555555555555,441.94305555555553
738.8888888888889,442.6777777777778
744.4444444444445,443.4194444444444
730.5555555555555,444.15694444444443
708.3333333333334,444.87638888888887
688.8888888888889,445.575
697.2222222222222,446.2680555555556
702.7777777777778,446.96805555555557
702.7777777777778,447.67083333333335
719.4444444444445,448.38194444444446
744.4444444444445,449.1138888888889
763.8888888888889,449.86805555555554
722.2222222222222,450.6111111111111
680.5555555555555,451.3125
686.1111111111111,451.99583333333334
700.0,452.68888888888887
702.7777777777778,453.3902777777778
725.0,454.1041666666667
733.3333333333334,456.31666666666666
730.5555555555555,457.0486111111111
705.5555555555555,457.76666666666665
691.6666666666666,458.46527777777777
691.6666666666666,459.15694444444443
722.2222222222222,459.8638888888889
769.4444444444445,462.09583333333336
719.4444444444445,462.84027777777777
686.1111111111111,463.54305555555555
708.3333333333334,464.2402777777778
716.6666666666666,464.9527777777778
713.8888888888889,465.66805555555555
719.4444444444445,466.3847222222222
747.2222222222222,467.11805555555554
736.1111111111111,467.8597222222222
736.1111111111111,468.59583333333336
725.0,469.3263888888889
686.1111111111111,470.03194444444443
697.2222222222222,470.7236111111111
713.8888888888889,471.4291666666667
755.5555555555555,472.1638888888889
741.6666666666666,472.9125
744.4444444444445,473.65555555555557
738.8888888888889,474.39722222222224
722.2222222222222,475.1277777777778
700.0,475.8388888888889
708.3333333333334,476.54305555555555
705.5555555555555,477.25
725.0,477.96527777777777
730.5555555555555,478.69305555555553
752.7777777777778,479.4347222222222
744.4444444444445,480.18333333333334
727.7777777777778,480.9194444444444
688.8888888888889,481.6277777777778
688.8888888888889,482.31666666666666
750.0,484.46666666666664
730.5555555555555,485.20694444444445
738.8888888888889,485.94166666666666
713.8888888888889,486.66805555555555
727.7777777777778,487.3888888888889
688.8888888888889,488.09722222222223
691.6666666666666,488.7875
691.6666666666666,489.4791666666667
733.3333333333334,490.19166666666666
750.0,490.93333333333334
741.6666666666666,491.6791666666667
733.3333333333334,492.4166666666667
713.8888888888889,493.1402777777778
675.0,493.83472222222224
705.5555555555555,494.525
713.8888888888889,495.2347222222222
713.8888888888889,495.9486111111111
708.3333333333334,496.65972222222223
741.6666666666666,497.3847222222222
725.0,498.11805555555554
722.2222222222222,498.84166666666664
719.4444444444445,499.5625
680.5555555555555,500.2625
683.3333333333334,500.94444444444446
716.6666666666666,501.64444444444445
761.1111111111111,502.3833333333333
733.3333333333334,503.13055555555553
730.5555555555555,503.8625
727.7777777777778,504.59166666666664
708.3333333333334,505.3097222222222
694.4444444444445,506.0111111111111
708.3333333333334,506.7125
708.3333333333334,507.42083333333335
725.0,508.1375
730.5555555555555,508.8652777777778
763.8888888888889,509.6125
744.4444444444445,510.3666666666667
716.6666666666666,511.09722222222223
691.6666666666666,511.8013888888889
688.8888888888889,512.4916666666667
697.2222222222222,513.1847222222223
738.8888888888889,513.9027777777778
755.5555555555555,514.65
741.6666666666666,515.3986111111111
736.1111111111111,516.1375
730.5555555555555,516.8708333333333
722.2222222222222,517.5972222222222
702.7777777777778,518.3097222222223
691.6666666666666,519.0069444444445
711.1111111111111,519.7083333333334
741.6666666666666,520.4347222222223
755.5555555555555,521.1833333333333
747.2222222222222,521.9347222222223
716.6666666666666,522.6666666666666
705.5555555555555,523.3777777777777
686.1111111111111,524.0736111111111
713.8888888888889,524.7736111111111
702.7777777777778,525.4819444444445
722.2222222222222,526.1944444444445
725.0,526.9180555555556
752.7777777777778,527.6569444444444
733.3333333333334,528.4
713.8888888888889,529.1236111111111
705.5555555555555,529.8333333333334
694.4444444444445,530.5333333333333
688.8888888888889,531.225
727.7777777777778,531.9333333333333
761.1111111111111,532.6777777777778
747.2222222222222,533.4319444444444
722.2222222222222,534.1666666666666
727.7777777777778,534.8916666666667
697.2222222222222,535.6041666666666
702.7777777777778,536.3041666666667
713.8888888888889,537.0125
716.6666666666666,537.7277777777778
736.1111111111111,538.4541666666667
744.4444444444445,539.1944444444445
766.6666666666666,539.95
733.3333333333334,540.7
702.7777777777778,541.4180555555556
694.4444444444445,542.1166666666667
708.3333333333334,542.8180555555556
711.1111111111111,543.5277777777778
752.7777777777778,544.2597222222222
750.0,545.0111111111111
744.4444444444445,545.7583333333333
730.5555555555555,546.4958333333333
738.8888888888889,547.2305555555556
711.1111111111111,547.9555555555555
705.5555555555555,548.6638888888889
708.3333333333334,549.3708333333333
730.5555555555555,550.0902777777778
750.0,552.3305555555555
708.3333333333334,553.0597222222223
688.8888888888889,553.7583333333333
705.5555555555555,554.4555555555555
711.1111111111111,555.1638888888889
711.1111111111111,555.875
722.2222222222222,556.5916666666667
727.7777777777778,557.3166666666667
733.3333333333334,558.0472222222222
727.7777777777778,558.7777777777778
705.5555555555555,559.4944444444444
680.5555555555555,560.1875
694.4444444444445,560.875
708.3333333333334,561.5763888888889
738.8888888888889,562.3
744.4444444444445,563.0416666666666
741.6666666666666,563.7847222222222
716.6666666666666,564.5138888888889
708.3333333333334,565.2263888888889
691.6666666666666,565.9263888888889
700.0,566.6222222222223
713.8888888888889,567.3291666666667
727.7777777777778,568.05
722.2222222222222,568.775
747.2222222222222,569.5097222222222
758.3333333333334,570.2625
722.2222222222222,571.0027777777777
677.7777777777778,571.7027777777778
688.8888888888889,572.3861111111111
702.7777777777778,573.0819444444444
725.0,573.7958333333333
750.0,574.5333333333333
750.0,575.2833333333333
733.3333333333334,576.025
733.3333333333334,576.7583333333333
736.1111111111111,577.4930555555555
697.2222222222222,578.2097222222222
691.6666666666666,578.9041666666667
716.6666666666666,579.6083333333333
750.0,580.3416666666667
750.0,581.0916666666667
761.1111111111111,581.8472222222222
738.8888888888889,582.5972222222222
713.8888888888889,583.3236111111111
688.8888888888889,584.025
725.0,584.7319444444445
716.6666666666666,585.4527777777778
736.1111111111111,586.1791666666667
741.6666666666666,586.9180555555556
741.6666666666666,587.6597222222222
725.0,588.3930555555555
725.0,589.1180555555555
722.2222222222222,589.8416666666667
686.1111111111111,590.5458333333333
697.2222222222222,591.2375
736.1111111111111,591.9541666666667
769.4444444444445,592.7069444444444
752.7777777777778,593.4680555555556
733.3333333333334,594.2111111111111
725.0,594.9402777777777
708.3333333333334,595.6569444444444
713.8888888888889,596.3680555555555
722.2222222222222,597.0861111111111
713.8888888888889,597.8041666666667
741.6666666666666,598.5319444444444
752.7777777777778,599.2791666666667
772.2222222222222,600.0416666666666
730.5555555555555,600.7930555555556
708.3333333333334,601.5125
694.4444444444445,602.2138888888888
713.8888888888889,602.9180555555556
713.8888888888889,603.6319444444445
744.4444444444445,604.3611111111111
761.1111111111111,605.1138888888889
747.2222222222222,605.8680555555555
722.2222222222222,606.6027777777778
719.4444444444445,607.3236111111111
713.8888888888889,608.0402777777778
705.5555555555555,608.75
700.0,609.4527777777778
730.5555555555555,610.1680555555556
747.2222222222222,610.9069444444444
758.3333333333334,611.6597222222222
758.3333333333334,612.4180555555556
722.2222222222222,613.1583333333333
688.8888888888889,613.8638888888889
711.1111111111111,614.5638888888889
730.5555555555555,615.2847222222222
730.5555555555555,616.0152777777778
733.3333333333334,616.7472222222223
750.0,617.4888888888889
747.2222222222222,618.2375
727.7777777777778,618.975
730.5555555555555,619.7041666666667
697.2222222222222,620.4180555555556
705.5555555555555,621.1194444444444
722.2222222222222,621.8333333333334
772.2222222222222,622.5805555555555
747.2222222222222,623.3402777777778
747.2222222222222,624.0875
725.0,624.8236111111111
713.8888888888889,625.5430555555556
705.5555555555555,626.2527777777777
722.2222222222222,626.9666666666667
716.6666666666666,627.6861111111111
738.8888888888889,628.4138888888889
741.6666666666666,629.1541666666667
766.6666666666666,629.9083333333333
736.1111111111111,630.6597222222222
711.1111111111111,631.3833333333333
700.0,632.0888888888888
705.5555555555555,632.7916666666666
702.7777777777778,633.4958333333333
750.0,634.2222222222222
761.1111111111111,634.9777777777778
747.2222222222222,635.7319444444445
727.7777777777778,636.4694444444444
730.5555555555555,637.1986111111111
713.8888888888889,637.9208333333333
708.3333333333334,638.6319444444445
702.7777777777778,639.3375
722.2222222222222,640.05
747.2222222222222,640.7847222222222
761.1111111111111,641.5388888888889
708.3333333333334,643.7513888888889
694.4444444444445,644.4527777777778
727.7777777777778,645.1638888888889
738.8888888888889,645.8972222222222
733.3333333333334,646.6333333333333
747.2222222222222,647.3736111111111
755.5555555555555,648.125
730.5555555555555,648.8680555555555
722.2222222222222,649.5944444444444
702.7777777777778,650.3069444444444
705.5555555555555,651.0111111111111
711.1111111111111,651.7194444444444
772.2222222222222,652.4611111111111
761.1111111111111,653.2277777777778
747.2222222222222,653.9819444444445
730.5555555555555,654.7208333333333
722.2222222222222,655.4472222222222
700.0,656.1583333333333
711.1111111111111,656.8638888888889
730.5555555555555,657.5847222222222
750.0,658.325
741.6666666666666,659.0708333333333
769.4444444444445,659.8263888888889
747.2222222222222,660.5847222222222
702.7777777777778,662.7013888888889
702.7777777777778,663.4041666666667
730.5555555555555,664.1208333333333
772.2222222222222,664.8722222222223
741.6666666666666,665.6291666666667
716.6666666666666,666.3583333333333
725.0,667.0791666666667
716.6666666666666,667.8
700.0,668.5083333333333
686.1111111111111,669.2013888888889
711.1111111111111,669.9
744.4444444444445,670.6277777777777
744.4444444444445,671.3722222222223
713.8888888888889,673.5569444444444
686.1111111111111,674.2569444444445
700.0,674.95
716.6666666666666,675.6583333333333
736.1111111111111,676.3847222222222
730.5555555555555,677.1180555555555
730.5555555555555,677.8486111111112
722.2222222222222,678.575
711.1111111111111,679.2916666666666
700.0,679.9972222222223
686.1111111111111,680.6902777777777
694.4444444444445,681.3805555555556
727.7777777777778,682.0916666666667
761.1111111111111,682.8361111111111
741.6666666666666,683.5875
719.4444444444445,684.3180555555556
708.3333333333334,685.0319444444444
708.3333333333334,685.7402777777778
697.2222222222222,686.4430555555556
702.7777777777778,687.1430555555555
711.1111111111111,687.85
733.3333333333334,688.5722222222222
733.3333333333334,689.3055555555555
761.1111111111111,690.0527777777778
722.2222222222222,690.7944444444445
697.2222222222222,691.5041666666667
680.5555555555555,692.1930555555556
700.0,692.8833333333333
700.0,693.5833333333334
744.4444444444445,694.3055555555555
766.6666666666666,695.0611111111111
736.1111111111111,695.8125
716.6666666666666,696.5388888888889
711.1111111111111,697.2527777777777
719.4444444444445,697.9680555555556
697.2222222222222,698.6763888888889
686.1111111111111,699.3680555555555
727.7777777777778,700.075
738.8888888888889,700.8083333333333
758.3333333333334,701.5569444444444
755.5555555555555,702.3138888888889
711.1111111111111,703.0472222222222
694.4444444444445,703.75
705.5555555555555,704.45
730.5555555555555,705.1680555555556
725.0,705.8958333333334
752.7777777777778,708.1347222222222
727.7777777777778,708.875
727.7777777777778,709.6027777777778
700.0,710.3166666666667
705.5555555555555,711.0194444444444
722.2222222222222,711.7333333333333
766.6666666666666,712.4777777777778
763.8888888888889,713.2430555555555
761.1111111111111,714.0055555555556
736.1111111111111,714.7541666666667
711.1111111111111,715.4777777777778
708.3333333333334,716.1875
727.7777777777778,716.9055555555556
736.1111111111111,717.6375
750.0,718.3805555555556
750.0,719.1305555555556
769.4444444444445,719.8902777777778
758.3333333333334,720.6541666666667
719.4444444444445,721.3930555555555
700.0,722.1027777777778
708.3333333333334,722.8069444444444
725.0,723.5236111111111
761.1111111111111,724.2666666666667
783.3333333333334,725.0388888888889
763.8888888888889,725.8125
741.6666666666666,726.5652777777777
733.3333333333334,727.3027777777778
736.1111111111111,728.0375
722.2222222222222,728.7666666666667
700.0,729.4777777777778
744.4444444444445,730.2
763.8888888888889,730.9541666666667
766.6666666666666,731.7194444444444
763.8888888888889,732.4847222222222
725.0,733.2291666666666
697.2222222222222,733.9402777777777
713.8888888888889,734.6458333333334
744.4444444444445,735.375
730.5555555555555,736.1125
744.4444444444445,736.85
758.3333333333334,737.6013888888889
752.7777777777778,738.3569444444445
733.3333333333334,739.1
730.5555555555555,739.8319444444444
705.5555555555555,740.55
705.5555555555555,741.2555555555556
736.1111111111111,741.9763888888889
783.3333333333334,742.7361111111111
750.0,743.5027777777777
750.0,744.2527777777777
727.7777777777778,744.9916666666667
711.1111111111111,745.7111111111111
705.5555555555555,746.4194444444445
725.0,747.1347222222222
730.5555555555555,747.8625
772.2222222222222,750.1027777777778
730.5555555555555,750.8541666666666
719.4444444444445,751.5791666666667
691.6666666666666,752.2847222222222
700.0,752.9805555555556
713.8888888888889,753.6875
755.5555555555555,754.4222222222222
758.3333333333334,755.1791666666667
738.8888888888889,755.9277777777778
725.0,756.6597222222222
725.0,757.3847222222222
719.4444444444445,758.1069444444445
711.1111111111111,758.8222222222222
705.5555555555555,759.5305555555556
730.5555555555555,760.2486111111111
752.7777777777778,760.9902777777778
769.4444444444445,761.7513888888889
747.2222222222222,762.5097222222222
711.1111111111111,763.2388888888889
697.2222222222222,763.9430555555556
700.0,764.6416666666667
733.3333333333334,765.3583333333333
725.0,766.0875
733.3333333333334,766.8166666666667
741.6666666666666,767.5541666666667
744.4444444444445,768.2972222222222
719.4444444444445,769.0291666666667
700.0,769.7388888888889
702.7777777777778,770.4402777777777
711.1111111111111,771.1472222222222
705.5555555555555,771.8555555555556
763.8888888888889,772.5902777777778
758.3333333333334,773.3513888888889
750.0,774.1055555555556
719.4444444444445,774.8402777777778
708.3333333333334,775.5541666666667
691.6666666666666,776.2541666666667
711.1111111111111,776.9555555555555
741.6666666666666,777.6819444444444
733.3333333333334,778.4194444444445
725.0,779.1486111111111
752.7777777777778,779.8875
752.7777777777778,780.6402777777778
702.7777777777778,781.3680555555555
675.0,782.0569444444444
697.2222222222222,782.7430555555555
702.7777777777778,783.4430555555556
733.3333333333334,784.1611111111112
758.3333333333334,784.9069444444444
733.3333333333334,785.6527777777778
730.5555555555555,786.3847222222222
713.8888888888889,787.1069444444445
719.4444444444445,787.8236111111111
686.1111111111111,788.5263888888888
694.4444444444445,789.2166666666667
713.8888888888889,789.9208333333333
738.8888888888889,790.6472222222222
733.3333333333334,791.3833333333333
741.6666666666666,792.1208333333333
719.4444444444445,792.8513888888889
697.2222222222222,793.5597222222223
683.3333333333334,794.25
702.7777777777778,794.9430555555556
708.3333333333334,795.6486111111111
736.1111111111111,796.3708333333333
727.7777777777778,797.1027777777778
730.5555555555555,797.8319444444444
722.2222222222222,798.5583333333333
716.6666666666666,799.2777777777778
702.7777777777778,799.9875
683.3333333333334,800.6805555555555
697.2222222222222,801.3708333333333
708.3333333333334,802.0736111111111
755.5555555555555,802.8055555555555
747.2222222222222,803.5569444444444
730.5555555555555,804.2958333333333
694.4444444444445,805.0083333333333
700.0,805.7055555555555
688.8888888888889,806.4
705.5555555555555,807.0972222222222
725.0,807.8125
736.1111111111111,808.5430555555556
727.7777777777778,809.275
752.7777777777778,810.0152777777778
741.6666666666666,810.7625
705.5555555555555,811.4861111111111
675.0,812.1763888888889
694.4444444444445,812.8611111111111
708.3333333333334,813.5625
730.5555555555555,814.2819444444444
758.3333333333334,815.0263888888888
736.1111111111111,815.7736111111111
716.6666666666666,816.5
708.3333333333334,817.2125
719.4444444444445,817.9263888888889
686.1111111111111,818.6291666666667
691.6666666666666,819.3180555555556
716.6666666666666,820.0222222222222
738.8888888888889,820.75
727.7777777777778,821.4833333333333
741.6666666666666,822.2180555555556
719.4444444444445,822.9486111111111
713.8888888888889,825.0347222222222
716.6666666666666,825.75
730.5555555555555,826.4736111111112
725.0,827.2013888888889
725.0,827.9263888888889
713.8888888888889,828.6458333333334
713.8888888888889,829.3597222222222
702.7777777777778,830.0680555555556
683.3333333333334,830.7611111111111
688.8888888888889,831.4472222222222
719.4444444444445,832.1513888888888
758.3333333333334,832.8902777777778
736.1111111111111,833.6375
727.7777777777778,834.3694444444444
697.2222222222222,835.0819444444444
697.2222222222222,835.7791666666667
691.6666666666666,836.4736111111112
711.1111111111111,837.175
711.1111111111111,837.8861111111111
736.1111111111111,838.6097222222222
730.5555555555555,839.3430555555556
736.1111111111111,840.0763888888889
725.0,840.8069444444444
700.0,841.5194444444444
669.4444444444445,842.2041666666667
686.1111111111111,842.8819444444445
697.2222222222222,843.5736111111111
733.3333333333334,844.2888888888889
744.4444444444445,845.0277777777778
727.7777777777778,845.7638888888889
713.8888888888889,846.4847222222222
694.4444444444445,847.1888888888889
700.0,847.8861111111111
680.5555555555555,848.5763888888889
680.5555555555555,849.2569444444445
691.6666666666666,849.9430555555556
730.5555555555555,850.6541666666667
719.4444444444445,851.3791666666667
725.0,852.1013888888889
713.8888888888889,852.8208333333333
686.1111111111111,853.5208333333334
658.3333333333334,854.1930555555556
686.1111111111111,854.8652777777778
713.8888888888889,855.5652777777777
719.4444444444445,856.2819444444444
711.1111111111111,856.9972222222223
716.6666666666666,857.7111111111111
722.2222222222222,858.4305555555555
694.4444444444445,859.1388888888889
691.6666666666666,859.8319444444444
680.5555555555555,860.5180555555555
672.2222222222222,861.1944444444445
691.6666666666666,861.8763888888889
741.6666666666666,862.5930555555556
733.3333333333334,863.3305555555555
722.2222222222222,864.0583333333333
694.4444444444445,864.7666666666667
694.4444444444445,866.8111111111111
702.7777777777778,867.5097222222222
694.4444444444445,868.2083333333334
711.1111111111111,868.9111111111112
719.4444444444445,869.6263888888889
730.5555555555555,870.3513888888889
677.7777777777778,871.0555555555555
669.4444444444445,871.7291666666666
658.3333333333334,872.3930555555555
627.7777777777778,873.0361111111112
702.7777777777778,873.7013888888889
700.0,874.4027777777778
727.7777777777778,875.1166666666667
677.7777777777778,875.8194444444445
688.8888888888889,876.5027777777777
672.2222222222222,877.1833333333333
663.8888888888889,877.8513888888889
663.8888888888889,878.5152777777778
666.6666666666666,879.1805555555555
675.0,879.8513888888889
700.0,880.5388888888889
708.3333333333334,881.2430555555555
719.4444444444445,881.9569444444444
713.8888888888889,882.6736111111111
675.0,883.3680555555555
669.4444444444445,884.0402777777778
669.4444444444445,884.7097222222222
702.7777777777778,885.3958333333334
700.0,886.0972222222222
708.3333333333334,886.8013888888889
705.5555555555555,887.5083333333333
725.0,888.2236111111112
700.0,888.9361111111111
680.5555555555555,889.6263888888889
680.5555555555555,890.3069444444444
686.1111111111111,890.9902777777778
680.5555555555555,891.6736111111111
719.4444444444445,892.3736111111111
744.4444444444445,893.1055555555556
725.0,893.8402777777778
691.6666666666666,894.5486111111111
691.6666666666666,895.2402777777778
686.1111111111111,895.9291666666667
683.3333333333334,896.6138888888889
694.4444444444445,897.3027777777778
700.0,898.0
727.7777777777778,898.7138888888888
725.0,899.4402777777777
736.1111111111111,900.1708333333333
719.4444444444445,900.8986111111111
691.6666666666666,901.6041666666666
675.0,902.2875
697.2222222222222,902.9736111111112
688.8888888888889,903.6666666666666
733.3333333333334,904.3777777777777
758.3333333333334,905.1236111111111
722.2222222222222,905.8638888888889
708.3333333333334,906.5791666666667
708.3333333333334,907.2875
716.6666666666666,908.0
688.8888888888889,908.7027777777778
700.0,909.3972222222222
713.8888888888889,910.1041666666666
747.2222222222222,910.8347222222222
744.4444444444445,911.5805555555555
744.4444444444445,912.325
716.6666666666666,913.0555555555555
694.4444444444445,913.7611111111111
697.2222222222222,914.4569444444444
719.4444444444445,915.1652777777778
730.5555555555555,915.8902777777778
744.4444444444445,916.6277777777777
741.6666666666666,917.3708333333333
736.1111111111111,918.1097222222222
722.2222222222222,918.8388888888888
713.8888888888889,919.5569444444444
702.7777777777778,920.2652777777778
697.2222222222222,920.9652777777778
708.3333333333334,921.6680555555556
738.8888888888889,922.3916666666667
766.6666666666666,923.1444444444444
750.0,923.9027777777778
716.6666666666666,924.6361111111111
697.2222222222222,925.3430555555556
700.0,926.0416666666666
711.1111111111111,926.7472222222223
711.1111111111111,927.4583333333334
725.0,928.1763888888889
744.4444444444445,928.9111111111112
736.1111111111111,929.6513888888888
755.5555555555555,930.3972222222222
719.4444444444445,931.1347222222222
694.4444444444445,931.8416666666667
688.8888888888889,932.5333333333333
711.1111111111111,933.2333333333333
716.6666666666666,933.9472222222222
752.7777777777778,934.6819444444444
761.1111111111111,935.4388888888889
741.6666666666666,936.1902777777777
708.3333333333334,936.9152777777778
716.6666666666666,937.6277777777777
711.1111111111111,938.3416666666667
702.7777777777778,939.0486111111111
702.7777777777778,939.7513888888889
738.8888888888889,940.4722222222222
738.8888888888889,941.2111111111111
752.7777777777778,941.9569444444444
750.0,942.7083333333334
702.7777777777778,943.4347222222223
683.3333333333334,944.1277777777777
713.8888888888889,944.8263888888889
733.3333333333334,945.55
730.5555555555555,946.2819444444444
738.8888888888889,947.0166666666667
755.5555555555555,947.7638888888889
730.5555555555555,948.5069444444445
725.0,949.2347222222222
719.4444444444445,949.9569444444444
691.6666666666666,950.6625
705.5555555555555,951.3611111111111
727.7777777777778,952.0777777777778
766.6666666666666,952.825
733.3333333333334,953.575
747.2222222222222,954.3152777777777
719.4444444444445,955.0486111111111
705.5555555555555,955.7611111111111
702.7777777777778,956.4652777777778
725.0,957.1791666666667
733.3333333333334,957.9083333333333
741.6666666666666,958.6458333333334
750.0,959.3916666666667
766.6666666666666,960.15
741.6666666666666,960.9041666666667
722.2222222222222,961.6361111111111
691.6666666666666,962.3430555555556
713.8888888888889,963.0458333333333
725.0,963.7652777777778
769.4444444444445,964.5125
763.8888888888889,965.2791666666667
758.3333333333334,966.0402777777778
727.7777777777778,966.7833333333333
733.3333333333334,967.5138888888889
725.0,968.2430555555555
716.6666666666666,968.9638888888888
708.3333333333334,969.6763888888889
738.8888888888889,970.4
755.5555555555555,971.1472222222222
750.0,971.9
741.6666666666666,972.6458333333334
711.1111111111111,973.3722222222223
694.4444444444445,974.075
711.1111111111111,974.7777777777778
741.6666666666666,975.5041666666667
744.4444444444445,976.2472222222223
733.3333333333334,976.9861111111111
755.5555555555555,977.7305555555556
744.4444444444445,978.4805555555556
727.7777777777778,979.2166666666667
727.7777777777778,979.9444444444445
708.3333333333334,980.6625
713.8888888888889,981.3736111111111
736.1111111111111,982.0986111111112
783.3333333333334,982.8583333333333
741.6666666666666,983.6208333333333
733.3333333333334,984.3583333333333
727.7777777777778,985.0888888888888
711.1111111111111,985.8083333333333
716.6666666666666,986.5222222222222
738.8888888888889,987.25
747.2222222222222,987.9930555555555
755.5555555555555,988.7444444444444
763.8888888888889,989.5041666666667
791.6666666666666,990.2819444444444
733.3333333333334,991.0444444444445
719.4444444444445,991.7708333333334
711.1111111111111,992.4861111111111
725.0,993.2041666666667
741.6666666666666,993.9375
763.8888888888889,994.6902777777777
744.4444444444445,995.4444444444445
747.2222222222222,996.1902777777777
722.2222222222222,996.925
725.0,997.6486111111111
702.7777777777778,998.3625
713.8888888888889,999.0708333333333
725.0,999.7902777777778
747.2222222222222,1000.5263888888888
752.7777777777778,1001.2763888888888
755.5555555555555,1002.0305555555556
736.1111111111111,1002.7763888888888
708.3333333333334,1003.4986111111111
686.1111111111111,1004.1958333333333
716.6666666666666,1004.8972222222222
727.7777777777778,1005.6194444444444
750.0,1006.3583333333333
736.1111111111111,1007.1013888888889
741.6666666666666,1007.8402777777778
733.3333333333334,1008.5777777777778
719.4444444444445,1009.3041666666667
708.3333333333334,1010.0180555555555
694.4444444444445,1010.7194444444444
705.5555555555555,1011.4194444444445
719.4444444444445,1012.1319444444445
777.7777777777778,1012.8805555555556
747.2222222222222,1013.6430555555555
727.7777777777778,1014.3805555555556
708.3333333333334,1015.0986111111112
705.5555555555555,1015.8055555555555
694.4444444444445,1016.5055555555556
705.5555555555555,1017.2055555555555
719.4444444444445,1017.9180555555556
730.5555555555555,1018.6430555555555
727.7777777777778,1019.3722222222223
750.0,1020.1111111111111
730.5555555555555,1020.8513888888889
694.4444444444445,1021.5638888888889
677.7777777777778,1022.25
694.4444444444445,1022.9361111111111
691.6666666666666,1023.6291666666667
733.3333333333334,1024.3416666666667
752.7777777777778,1025.0847222222221
722.2222222222222,1025.8222222222223
705.5555555555555,1026.536111111111
702.7777777777778,1027.2402777777777
702.7777777777778,1027.9430555555555
675.0,1028.6319444444443
677.7777777777778,1029.3083333333334
705.5555555555555,1030.0
727.7777777777778,1030.7166666666667
708.3333333333334,1032.8791666666666
675.0,1033.5708333333334
658.3333333333334,1034.2375
683.3333333333334,1034.9083333333333
697.2222222222222,1035.598611111111
708.3333333333334,1036.3013888888888
702.7777777777778,1037.0069444444443
713.8888888888889,1037.7152777777778
702.7777777777778,1038.423611111111
700.0,1039.125
686.1111111111111,1039.8180555555555
669.4444444444445,1040.4958333333334
680.5555555555555,1041.1708333333333
691.6666666666666,1041.8569444444445
727.7777777777778,1042.5666666666666
730.5555555555555,1043.2958333333333
725.0,1044.0236111111112
686.1111111111111,1044.7291666666667
675.0,1045.4097222222222
666.6666666666666,1046.0805555555555
686.1111111111111,1046.7569444444443
686.1111111111111,1047.4430555555555
691.6666666666666,1048.1319444444443
713.8888888888889,1048.8347222222221
711.1111111111111,1049.5472222222222
727.7777777777778,1050.2666666666667
691.6666666666666,1050.9763888888888
672.2222222222222,1051.6583333333333
658.3333333333334,1052.3236111111112
675.0,1052.9902777777777
680.5555555555555,1053.6680555555556
713.8888888888889,1054.3652777777777
733.3333333333334,1055.088888888889
711.1111111111111,1055.8111111111111
691.6666666666666,1056.5125
680.5555555555555,1057.1986111111112
691.6666666666666,1057.8847222222223
666.6666666666666,1058.5638888888889
661.1111111111111,1059.2277777777779
688.8888888888889,1059.9027777777778
716.6666666666666,1060.6055555555556
702.7777777777778,1061.3152777777777
716.6666666666666,1062.025
702.7777777777778,1062.7347222222222
675.0,1063.423611111111
644.4444444444445,1064.0833333333333
672.2222222222222,1064.7416666666666
697.2222222222222,1065.4263888888888
694.4444444444445,1066.1222222222223
691.6666666666666,1066.8152777777777
700.0,1067.5111111111112
705.5555555555555,1068.213888888889
675.0,1068.9041666666667
672.2222222222222,1069.5777777777778
663.8888888888889,1070.2458333333334
652.7777777777778,1070.9041666666667
652.7777777777778,1071.5569444444445
705.5555555555555,1072.236111111111
730.5555555555555,1072.9541666666667
700.0,1073.6694444444445
680.5555555555555,1074.3597222222222
677.7777777777778,1075.0388888888888
672.2222222222222,1075.713888888889
658.3333333333334,1076.3791666666666
677.7777777777778,1077.0472222222222
677.7777777777778,1077.725
700.0,1078.4138888888888
700.0,1079.1138888888888
713.8888888888889,1079.8208333333334
711.1111111111111,1080.5333333333333
680.5555555555555,1081.2291666666667
650.0,1081.8944444444444
663.8888888888889,1082.5513888888888
675.0,1083.2208333333333
694.4444444444445,1083.9055555555556
716.6666666666666,1084.611111111111
711.1111111111111,1085.325
716.6666666666666,1086.0388888888888
686.1111111111111,1086.7402777777777
677.7777777777778,1087.4222222222222
686.1111111111111,1088.1041666666667
677.7777777777778,1088.786111111111
663.8888888888889,1089.4569444444444
683.3333333333334,1090.1305555555555
722.2222222222222,1090.8333333333333
727.7777777777778,1091.5583333333334
713.8888888888889,1092.2791666666667
680.5555555555555,1092.9763888888888
680.5555555555555,1093.6569444444444
661.1111111111111,1094.3277777777778
686.1111111111111,1095.0013888888889
694.4444444444445,1095.6916666666666
713.8888888888889,1096.3958333333333
697.2222222222222,1097.1013888888888
711.1111111111111,1097.8055555555557
700.0,1098.5111111111112
691.6666666666666,1099.2069444444444
683.3333333333334,1099.8944444444444
666.6666666666666,1100.5694444444443
672.2222222222222,1101.2388888888888
694.4444444444445,1101.9222222222222
738.8888888888889,1102.638888888889
719.4444444444445,1103.3680555555557
708.3333333333334,1104.0819444444444
697.2222222222222,1104.7847222222222
683.3333333333334,1105.475
663.8888888888889,1106.1486111111112
688.8888888888889,1106.825
702.7777777777778,1107.5208333333333
702.7777777777778,1108.223611111111
705.5555555555555,1108.9277777777777
730.5555555555555,1109.6458333333333
738.8888888888889,1110.3805555555555
691.6666666666666,1111.0958333333333
672.2222222222222,1111.7777777777778
680.5555555555555,1112.4541666666667
688.8888888888889,1113.138888888889
700.0,1113.8333333333333
736.1111111111111,1114.5513888888888
733.3333333333334,1115.286111111111
719.4444444444445,1116.0125
697.2222222222222,1116.7208333333333
705.5555555555555,1117.4222222222222
691.6666666666666,1118.1208333333334
691.6666666666666,1118.8125
683.3333333333334,1119.5
711.1111111111111,1120.1972222222223
733.3333333333334,1120.9194444444445
747.2222222222222,1121.6597222222222
744.4444444444445,1122.4055555555556
688.8888888888889,1123.1222222222223
677.7777777777778,1123.8055555555557
683.3333333333334,1124.486111111111
713.8888888888889,1125.1847222222223
700.0,1125.8916666666667
725.0,1126.6041666666667
719.4444444444445,1127.326388888889
727.7777777777778,1128.05
700.0,1128.763888888889
694.4444444444445,1129.4611111111112
688.8888888888889,1130.1527777777778
683.3333333333334,1130.838888888889
686.1111111111111,1131.5236111111112
719.4444444444445,1132.2263888888888
752.7777777777778,1132.9625
733.3333333333334,1133.7055555555555
691.6666666666666,1134.4180555555556
688.8888888888889,1135.1083333333333
680.5555555555555,1135.7930555555556
672.2222222222222,1136.4694444444444
686.1111111111111,1137.1486111111112
683.3333333333334,1137.8333333333333
716.6666666666666,1138.5333333333333
708.3333333333334,1139.2458333333334
725.0,1139.9625
730.5555555555555,1140.6902777777777
683.3333333333334,1141.3972222222221
658.3333333333334,1142.0680555555555
675.0,1142.7347222222222
680.5555555555555,1143.4125
716.6666666666666,1144.111111111111
738.8888888888889,1144.838888888889
713.8888888888889,1145.5652777777777
702.7777777777778,1146.2736111111112
691.6666666666666,1146.9708333333333
688.8888888888889,1147.661111111111
672.2222222222222,1148.3416666666667
675.0,1149.0152777777778
686.1111111111111,1149.6958333333334
716.6666666666666,1150.3972222222221
719.4444444444445,1151.1152777777777
736.1111111111111,1151.8430555555556
727.7777777777778,1152.575
688.8888888888889,1153.2833333333333
669.4444444444445,1153.9625
700.0,1154.6472222222221
713.8888888888889,1155.3541666666667
702.7777777777778,1156.0625
719.4444444444445,1156.7736111111112
738.8888888888889,1157.5027777777777
722.2222222222222,1158.2333333333333
716.6666666666666,1158.9527777777778
697.2222222222222,1159.6597222222222
686.1111111111111,1160.3513888888888
686.1111111111111,1161.0375
702.7777777777778,1161.7319444444445
738.8888888888889,1162.4527777777778
730.5555555555555,1163.1875
733.3333333333334,1163.9194444444445
702.7777777777778,1164.6375
683.3333333333334,1165.3305555555555
666.6666666666666,1166.0055555555555
694.4444444444445,1166.6861111111111
697.2222222222222,1167.3819444444443
694.4444444444445,1168.0777777777778
711.1111111111111,1168.7805555555556
727.7777777777778,1169.5
738.8888888888889,1170.2333333333333
700.0,1170.9527777777778
677.7777777777778,1171.6416666666667
675.0,1172.3180555555555
686.1111111111111,1172.9986111111111
697.2222222222222,1173.6902777777777
722.2222222222222,1174.4
727.7777777777778,1175.125
719.4444444444445,1175.848611111111
702.7777777777778,1176.5597222222223
697.2222222222222,1177.2597222222223
694.4444444444445,1177.9555555555555
683.3333333333334,1178.6444444444444
661.1111111111111,1179.3166666666666
697.2222222222222,1179.9958333333334
716.6666666666666,1180.7027777777778
727.7777777777778,1181.425
719.4444444444445,1182.1486111111112
688.8888888888889,1182.8527777777779
677.7777777777778,1183.536111111111
658.3333333333334,1184.2041666666667
686.1111111111111,1184.8763888888889
688.8888888888889,1185.5638888888889
722.2222222222222,1187.6638888888888
691.6666666666666,1188.3708333333334
680.5555555555555,1189.0569444444445
680.5555555555555,1189.7375
661.1111111111111,1190.4083333333333
658.3333333333334,1191.0680555555555
669.4444444444445,1191.7319444444445
719.4444444444445,1192.4263888888888
702.7777777777778,1193.1375
702.7777777777778,1193.8402777777778
688.8888888888889,1194.536111111111
663.8888888888889,1195.2125
644.4444444444445,1195.8666666666666
661.1111111111111,1196.5194444444444
677.7777777777778,1197.1888888888889
661.1111111111111,1197.8583333333333
683.3333333333334,1198.5305555555556
691.6666666666666,1199.2180555555556
708.3333333333334,1199.9180555555556
675.0,1200.6097222222222
655.5555555555555,1201.275
627.7777777777778,1201.9166666666667
633.3333333333334,1202.5472222222222
641.6666666666666,1203.1847222222223
677.7777777777778,1203.8444444444444
686.1111111111111,1205.8986111111112
691.6666666666666,1207.8791666666666
633.3333333333334,1208.5416666666667
625.0,1209.1708333333333
713.8888888888889,1209.8402777777778
622.2222222222222,1210.5083333333334
680.5555555555555,1211.1597222222222
686.1111111111111,1211.8430555555556
677.7777777777778,1212.525
647.2222222222222,1213.1875
636.1111111111111,1213.8291666666667
652.7777777777778,1214.473611111111
608.3333333333334,1215.1041666666667
711.1111111111111,1215.763888888889
677.7777777777778,1216.4583333333333
672.2222222222222,1217.1333333333334
688.8888888888889,1217.8138888888889
669.4444444444445,1218.4930555555557
705.5555555555555,1219.1805555555557
600.0,1219.8333333333333
627.7777777777778,1220.4472222222223
636.1111111111111,1221.0791666666667
627.7777777777778,1221.7111111111112
680.5555555555555,1222.3652777777777
677.7777777777778,1223.0444444444445
677.7777777777778,1223.7222222222222
641.6666666666666,1224.3819444444443
638.8888888888889,1225.0222222222221
613.8888888888889,1225.6486111111112
663.8888888888889,1226.2875
633.3333333333334,1226.9361111111111
652.7777777777778,1227.5791666666667
650.0,1228.2305555555556
666.6666666666666,1228.888888888889
683.3333333333334,1229.5638888888889
694.4444444444445,1230.2527777777777
658.3333333333334,1230.9291666666666
630.5555555555555,1231.5736111111112
638.8888888888889,1232.2083333333333
641.6666666666666,1232.848611111111
697.2222222222222,1234.826388888889
675.0,1235.5125
666.6666666666666,1236.1833333333334
636.1111111111111,1238.1625
638.8888888888889,1238.8
641.6666666666666,1239.4402777777777
666.6666666666666,1240.0944444444444
666.6666666666666,1240.7611111111112
691.6666666666666,1241.4402777777777
694.4444444444445,1242.1333333333334
652.7777777777778,1242.8069444444445
641.6666666666666,1243.4541666666667
658.3333333333334,1245.3791666666666
661.1111111111111,1246.0388888888888
661.1111111111111,1246.7
672.2222222222222,1247.3666666666666
666.6666666666666,1248.036111111111
661.1111111111111,1248.7
652.7777777777778,1249.3569444444445
627.7777777777778,1249.9972222222223
625.0,1250.6236111111111
630.5555555555555,1251.2513888888889
658.3333333333334,1251.8958333333333
680.5555555555555,1252.5652777777777
680.5555555555555,1253.2458333333334
672.2222222222222,1253.9222222222222
647.2222222222222,1254.5819444444444
641.6666666666666,1255.2263888888888
630.5555555555555,1255.8625
638.8888888888889,1256.4972222222223
647.2222222222222,1257.1402777777778
644.4444444444445,1257.786111111111
675.0,1258.4458333333334
672.2222222222222,1259.1194444444445
694.4444444444445,1259.8027777777777
675.0,1260.4875
658.3333333333334,1261.1541666666667
622.2222222222222,1261.7944444444445
630.5555555555555,1262.4208333333333
638.8888888888889,1263.0555555555557
666.6666666666666,1263.7083333333333
677.7777777777778,1264.3805555555555
680.5555555555555,1265.0597222222223
683.3333333333334,1265.7416666666666
652.7777777777778,1266.4097222222222
658.3333333333334,1267.0652777777777
655.5555555555555,1267.7222222222222
652.7777777777778,1269.6347222222223
669.4444444444445,1270.2958333333333
669.4444444444445,1270.9652777777778
680.5555555555555,1271.6402777777778
683.3333333333334,1272.3222222222223
647.2222222222222,1272.9875
622.2222222222222,1273.6222222222223
622.2222222222222,1274.2444444444445
655.5555555555555,1274.8833333333334
641.6666666666666,1275.5319444444444
652.7777777777778,1276.1791666666666
661.1111111111111,1276.8361111111112
666.6666666666666,1277.5
652.7777777777778,1278.1597222222222
655.5555555555555,1278.8138888888889
641.6666666666666,1279.4625
619.4444444444445,1280.0930555555556
613.8888888888889,1280.7097222222221
616.6666666666666,1281.325
661.1111111111111,1281.963888888889
683.3333333333334,1282.6361111111112
658.3333333333334,1283.3069444444445
647.2222222222222,1283.9597222222221
652.7777777777778,1284.6097222222222
636.1111111111111,1285.2541666666666
616.6666666666666,1285.8805555555555
627.7777777777778,1286.5027777777777
644.4444444444445,1287.138888888889
677.7777777777778,1289.088888888889
683.3333333333334,1289.7694444444444
647.2222222222222,1290.4347222222223
647.2222222222222,1291.0819444444444
616.6666666666666,1291.713888888889
616.6666666666666,1292.3305555555555
619.4444444444445,1292.9486111111112
650.0,1293.5833333333333
663.8888888888889,1294.2402777777777
663.8888888888889,1294.9041666666667
675.0,1295.5736111111112
650.0,1296.236111111111
655.5555555555555,1296.888888888889
644.4444444444445,1297.5388888888888
627.7777777777778,1298.175
619.4444444444445,1298.798611111111
627.7777777777778,1299.4222222222222
647.2222222222222,1300.0597222222223
663.8888888888889,1300.7152777777778
680.5555555555555,1301.3875
677.7777777777778,1302.0666666666666
652.7777777777778,1302.7319444444445
627.7777777777778,1303.3722222222223
627.7777777777778,1304.0
633.3333333333334,1304.6305555555555
644.4444444444445,1305.2694444444444
652.7777777777778,1305.9180555555556
647.2222222222222,1306.5680555555555
666.6666666666666,1307.225
672.2222222222222,1307.8944444444444
669.4444444444445,1308.5652777777777
647.2222222222222,1309.223611111111
633.3333333333334,1309.8638888888888
652.7777777777778,1311.7597222222223
591.6666666666666,1313.8125
666.6666666666666,1314.4416666666666
658.3333333333334,1315.1041666666667
625.0,1315.7458333333334
622.2222222222222,1316.3694444444445
658.3333333333334,1317.0097222222223
644.4444444444445,1317.661111111111
658.3333333333334,1318.3125
680.5555555555555,1318.9819444444445
691.6666666666666,1319.6680555555556
672.2222222222222,1320.35
655.5555555555555,1321.013888888889
622.2222222222222,1321.6527777777778
597.2222222222222,1322.2625
661.1111111111111,1322.8916666666667
644.4444444444445,1323.5444444444445
672.2222222222222,1324.2027777777778
669.4444444444445,1324.8736111111111
669.4444444444445,1325.5430555555556
650.0,1326.2027777777778
669.4444444444445,1326.8625
600.0,1327.4972222222223
680.5555555555555,1328.1375
625.0,1328.7902777777779
669.4444444444445,1330.7458333333334
688.8888888888889,1331.425
691.6666666666666,1332.1152777777777
644.4444444444445,1332.7833333333333
636.1111111111111,1333.423611111111
644.4444444444445,1334.0638888888889
661.1111111111111,1334.7166666666667
641.6666666666666,1335.3680555555557
675.0,1336.026388888889
675.0,1336.701388888889
677.7777777777778,1337.3777777777777
677.7777777777778,1338.0555555555557
677.7777777777778,1338.7333333333333
655.5555555555555,1339.4
633.3333333333334,1340.0444444444445
644.4444444444445,1340.6833333333334
641.6666666666666,1341.326388888889
677.7777777777778,1341.986111111111
691.6666666666666,1342.6708333333333
697.2222222222222,1343.3652777777777
672.2222222222222,1344.05
658.3333333333334,1344.7152777777778
652.7777777777778,1345.3708333333334
647.2222222222222,1346.0208333333333
644.4444444444445,1346.6666666666667
644.4444444444445,1347.3111111111111
672.2222222222222,1347.9694444444444
658.3333333333334,1348.6347222222223
686.1111111111111,1349.3069444444445
691.6666666666666,1349.9958333333334
669.4444444444445,1350.6763888888888
625.0,1351.3236111111112
630.5555555555555,1351.951388888889
638.8888888888889,1352.5861111111112
633.3333333333334,1353.2222222222222
652.7777777777778,1353.8652777777777
683.3333333333334,1354.5333333333333
672.2222222222222,1355.2111111111112
675.0,1357.1986111111112
630.5555555555555,1357.8513888888888
627.7777777777778,1358.4805555555556
619.4444444444445,1359.1041666666667
644.4444444444445,1359.736111111111
661.1111111111111,1360.388888888889
680.5555555555555,1361.0597222222223
652.7777777777778,1363.0819444444444
622.2222222222222,1363.7194444444444
647.2222222222222,1364.3541666666667
638.8888888888889,1364.9972222222223
638.8888888888889,1365.6361111111112
647.2222222222222,1366.2791666666667
675.0,1366.9402777777777
672.2222222222222,1367.6138888888888
663.8888888888889,1368.2819444444444
658.3333333333334,1368.9430555555555
638.8888888888889,1369.5916666666667
625.0,1370.223611111111
619.4444444444445,1370.8458333333333
650.0,1371.4805555555556
675.0,1372.1430555555555
666.6666666666666,1372.8138888888889
675.0,1373.4847222222222
669.4444444444445,1374.1569444444444
652.7777777777778,1374.8180555555555
627.7777777777778,1375.4583333333333
644.4444444444445,1376.0944444444444
647.2222222222222,1376.7402777777777
636.1111111111111,1377.3819444444443
658.3333333333334,1378.0291666666667
672.2222222222222,1378.6944444444443
694.4444444444445,1379.3777777777777
680.5555555555555,1380.0652777777777
666.6666666666666,1380.7388888888888
630.5555555555555,1381.3875
622.2222222222222,1382.013888888889
633.3333333333334,1382.6416666666667
650.0,1383.2833333333333
666.6666666666666,1383.9416666666666
669.4444444444445,1384.6097222222222
675.0,1385.2819444444444
661.1111111111111,1385.95
675.0,1386.6180555555557
658.3333333333334,1387.2847222222222
638.8888888888889,1387.9333333333334
619.4444444444445,1388.5625
630.5555555555555,1389.1875
658.3333333333334,1389.8319444444444
666.6666666666666,1390.4944444444445
680.5555555555555,1391.1680555555556
677.7777777777778,1391.8472222222222
658.3333333333334,1392.5152777777778
638.8888888888889,1393.1638888888888
630.5555555555555,1393.798611111111
650.0,1394.4388888888889
636.1111111111111,1395.0819444444444
650.0,1395.725
655.5555555555555,1396.3777777777777
675.0,1397.0430555555556
672.2222222222222,1397.7166666666667
666.6666666666666,1398.3861111111112
661.1111111111111,1399.05
630.5555555555555,1399.6958333333334
630.5555555555555,1400.326388888889
619.4444444444445,1400.951388888889
652.7777777777778,1401.5875
677.7777777777778,1402.2527777777777
677.7777777777778,1402.9305555555557
650.0,1403.5944444444444
663.8888888888889,1404.2513888888889
658.3333333333334,1404.9125
625.0,1405.5541666666666
633.3333333333334,1406.1833333333334
647.2222222222222,1406.8236111111112
636.1111111111111,1407.4652777777778
638.8888888888889,1408.1027777777779
675.0,1408.7597222222223
694.4444444444445,1409.4444444444443
658.3333333333334,1410.1208333333334
650.0,1410.775
627.7777777777778,1411.4138888888888
627.7777777777778,1412.0416666666667
619.4444444444445,1412.6652777777779
644.4444444444445,1413.2972222222222
661.1111111111111,1413.95
658.3333333333334,1414.6097222222222
663.8888888888889,1415.2708333333333
663.8888888888889,1415.9347222222223
669.4444444444445,1416.6013888888888
644.4444444444445,1417.2583333333334
630.5555555555555,1417.8958333333333
611.1111111111111,1418.5166666666667
633.3333333333334,1419.138888888889
647.2222222222222,1419.7791666666667
658.3333333333334,1420.4319444444445
677.7777777777778,1421.1
675.0,1421.776388888889
652.7777777777778,1422.4402777777777
633.3333333333334,1423.0833333333333
630.5555555555555,1423.7152777777778
641.6666666666666,1424.3513888888888
625.0,1424.9847222222222
644.4444444444445,1425.6194444444445
647.2222222222222,1426.2652777777778
666.6666666666666,1426.9222222222222
663.8888888888889,1427.5875
675.0,1428.2569444444443
658.3333333333334,1428.923611111111
625.0,1429.5652777777777
627.7777777777778,1430.1916666666666
619.4444444444445,1430.8152777777777
638.8888888888889,1431.4444444444443
672.2222222222222,1432.1
666.6666666666666,1432.7694444444444
647.2222222222222,1433.4263888888888
655.5555555555555,1434.0777777777778
655.5555555555555,1434.7333333333333
625.0,1435.3736111111111
638.8888888888889,1436.0055555555555
641.6666666666666,1436.6458333333333
627.7777777777778,1437.2805555555556
647.2222222222222,1437.9180555555556
669.4444444444445,1438.576388888889
702.7777777777778,1439.2625
680.5555555555555,1439.9541666666667
663.8888888888889,1440.6263888888889
630.5555555555555,1441.2736111111112
630.5555555555555,1441.9041666666667
633.3333333333334,1442.536111111111
644.4444444444445,1443.175
663.8888888888889,1443.8291666666667
663.8888888888889,1444.4930555555557
672.2222222222222,1445.161111111111
661.1111111111111,1445.8277777777778
675.0,1446.4958333333334
658.3333333333334,1447.1625
630.5555555555555,1447.8069444444445
608.3333333333334,1448.4263888888888
638.8888888888889,1449.05
655.5555555555555,1449.6972222222223
658.3333333333334,1450.3541666666667
677.7777777777778,1451.0222222222221
697.2222222222222,1451.7097222222221
663.8888888888889,1452.3902777777778
636.1111111111111,1453.0402777777779
644.4444444444445,1453.6805555555557
658.3333333333334,1454.3319444444444
636.1111111111111,1454.9791666666667
650.0,1455.6222222222223
677.7777777777778,1456.286111111111
686.1111111111111,1456.9680555555556
672.2222222222222,1457.6472222222221
688.8888888888889,1458.3277777777778
680.5555555555555,1459.0125
638.8888888888889,1459.6722222222222
636.1111111111111,1460.3097222222223
688.8888888888889,1462.3
694.4444444444445,1462.9916666666666
683.3333333333334,1463.6805555555557
675.0,1464.3597222222222
661.1111111111111,1465.0277777777778
663.8888888888889,1465.6902777777777
669.4444444444445,1466.3569444444445
650.0,1467.0166666666667
661.1111111111111,1467.6722222222222
686.1111111111111,1468.3458333333333
716.6666666666666,1469.0472222222222
694.4444444444445,1469.7527777777777
691.6666666666666,1470.4458333333334
658.3333333333334,1471.1208333333334
655.5555555555555,1471.7777777777778
650.0,1472.4305555555557
672.2222222222222,1473.0916666666667
688.8888888888889,1473.7722222222221
686.1111111111111,1474.4597222222221
697.2222222222222,1475.151388888889
694.4444444444445,1475.8472222222222
700.0,1476.5444444444445
669.4444444444445,1477.2291666666667
663.8888888888889,1477.8958333333333
644.4444444444445,1478.55
663.8888888888889,1479.2041666666667
669.4444444444445,1479.8708333333334
705.5555555555555,1480.5583333333334
716.6666666666666,1481.2694444444444
694.4444444444445,1481.975
680.5555555555555,1482.6625
658.3333333333334,1483.3319444444444
675.0,1483.9986111111111
661.1111111111111,1484.6666666666667
666.6666666666666,1485.3305555555555
669.4444444444445,1485.9986111111111
697.2222222222222,1486.6819444444445
694.4444444444445,1487.3777777777777
702.7777777777778,1488.076388888889
697.2222222222222,1488.776388888889
661.1111111111111,1489.4555555555555
647.2222222222222,1490.1097222222222
652.7777777777778,1490.7597222222223
694.4444444444445,1491.4333333333334
686.1111111111111,1492.1236111111111
697.2222222222222,1492.8152777777777
694.4444444444445,1493.5111111111112
697.2222222222222,1494.2069444444444
669.4444444444445,1494.8902777777778
663.8888888888889,1495.5569444444445
672.2222222222222,1496.225
647.2222222222222,1496.8847222222223
655.5555555555555,1497.536111111111
686.1111111111111,1498.2069444444444
725.0,1498.9125
691.6666666666666,1499.6208333333334
683.3333333333334,1500.3083333333334
669.4444444444445,1500.9847222222222
652.7777777777778,1501.6458333333333
636.1111111111111,1502.2902777777779
658.3333333333334,1502.9375
683.3333333333334,1503.6083333333333
672.2222222222222,1504.286111111111
688.8888888888889,1504.9666666666667
691.6666666666666,1505.6569444444444
705.5555555555555,1506.3555555555556
663.8888888888889,1507.0402777777779
663.8888888888889,1507.7041666666667
644.4444444444445,1508.3583333333333
641.6666666666666,1509.0013888888889
661.1111111111111,1509.6527777777778
697.2222222222222,1510.3319444444444
713.8888888888889,1511.0375
683.3333333333334,1511.736111111111
686.1111111111111,1512.4208333333333
663.8888888888889,1513.0958333333333
663.8888888888889,1513.7597222222223
658.3333333333334,1514.4208333333333
663.8888888888889,1515.0819444444444
661.1111111111111,1515.7444444444445
683.3333333333334,1516.4166666666667
700.0,1517.1083333333333
711.1111111111111,1517.8138888888889
694.4444444444445,1518.5166666666667
652.7777777777778,1519.1902777777777
655.5555555555555,1519.8444444444444
647.2222222222222,1520.4958333333334
666.6666666666666,1521.1527777777778
677.7777777777778,1521.825
697.2222222222222,1522.5125
680.5555555555555,1523.201388888889
688.8888888888889,1523.8861111111112
677.7777777777778,1524.5694444444443
672.2222222222222,1525.2444444444445
661.1111111111111,1525.911111111111
647.2222222222222,1526.5652777777777
658.3333333333334,1527.2180555555556
672.2222222222222,1527.8833333333334
705.5555555555555,1528.5722222222223
713.8888888888889,1529.2819444444444
700.0,1529.9888888888888
669.4444444444445,1530.673611111111
663.8888888888889,1531.3402777777778
655.5555555555555,1532.0
663.8888888888889,1532.6597222222222
675.0,1533.3291666666667
683.3333333333334,1534.0083333333334
694.4444444444445,1534.6972222222223
688.8888888888889,1535.388888888889
711.1111111111111,1536.088888888889
691.6666666666666,1536.7902777777779
663.8888888888889,1537.4680555555556
638.8888888888889,1538.1194444444445
661.1111111111111,1538.7694444444444
663.8888888888889,1539.4319444444445
691.6666666666666,1540.1097222222222
716.6666666666666,1540.8138888888889
697.2222222222222,1541.5208333333333
686.1111111111111,1542.2125
669.4444444444445,1542.8902777777778
680.5555555555555,1543.5652777777777
663.8888888888889,1544.2375
655.5555555555555,1544.8972222222221
655.5555555555555,1545.5527777777777
680.5555555555555,1546.2208333333333
694.4444444444445,1546.9083333333333
705.5555555555555,1547.6083333333333
700.0,1548.3111111111111
663.8888888888889,1548.9930555555557
650.0,1549.65
647.2222222222222,1550.298611111111
675.0,1550.9597222222221
675.0,1551.6347222222223
688.8888888888889,1552.3166666666666
686.1111111111111,1553.0041666666666
691.6666666666666,1553.6930555555555
680.5555555555555,1554.3791666666666
677.7777777777778,1555.0583333333334
663.8888888888889,1555.7291666666667
638.8888888888889,1556.3805555555555
655.5555555555555,1557.0277777777778
661.1111111111111,1557.6861111111111
694.4444444444445,1558.3638888888888
711.1111111111111,1559.0666666666666
702.7777777777778,1559.7736111111112
675.0,1560.4625
658.3333333333334,1561.1291666666666
652.7777777777778,1561.7847222222222
658.3333333333334,1562.4402777777777
666.6666666666666,1563.1027777777779
666.6666666666666,1563.7694444444444
686.1111111111111,1564.4458333333334
688.8888888888889,1565.1333333333334
694.4444444444445,1565.825
697.2222222222222,1566.5208333333333
666.6666666666666,1567.2027777777778
630.5555555555555,1567.8513888888888
638.8888888888889,1568.486111111111
663.8888888888889,1569.1375
688.8888888888889,1569.8138888888889
700.0,1570.5083333333334
702.7777777777778,1571.2097222222221
711.1111111111111,1571.9166666666667
675.0,1572.6097222222222
686.1111111111111,1573.2902777777779
675.0,1573.9708333333333
663.8888888888889,1574.6402777777778
652.7777777777778,1575.298611111111
688.8888888888889,1575.9694444444444
708.3333333333334,1576.6680555555556
716.6666666666666,1577.3805555555555
713.8888888888889,1578.0958333333333
686.1111111111111,1578.7958333333333
694.4444444444445,1580.8055555555557
686.1111111111111,1581.4958333333334
700.0,1582.1888888888889
708.3333333333334,1582.8930555555555
716.6666666666666,1583.6055555555556
697.2222222222222,1584.3125
694.4444444444445,1585.0083333333334
683.3333333333334,1585.6972222222223
663.8888888888889,1586.3708333333334
655.5555555555555,1587.0305555555556
669.4444444444445,1587.6930555555555
725.0,1588.3902777777778
708.3333333333334,1589.1069444444445
705.5555555555555,1589.8138888888889
686.1111111111111,1590.5097222222223
677.7777777777778,1591.1916666666666
650.0,1591.8555555555556
675.0,1592.5180555555555
688.8888888888889,1593.2
675.0,1593.8819444444443
694.4444444444445,1594.5666666666666
719.4444444444445,1595.2736111111112
733.3333333333334,1596.0
688.8888888888889,1596.7111111111112
666.6666666666666,1597.388888888889
669.4444444444445,1598.0569444444445
669.4444444444445,1598.7263888888888
675.0,1599.3986111111112
711.1111111111111,1600.0916666666667
722.2222222222222,1600.8083333333334
713.8888888888889,1601.526388888889
697.2222222222222,1602.2319444444445
702.7777777777778,1602.9319444444445
686.1111111111111,1603.6263888888889
669.4444444444445,1604.3041666666666
655.5555555555555,1604.9666666666667
680.5555555555555,1605.6347222222223
708.3333333333334,1606.3291666666667
722.2222222222222,1607.0444444444445
719.4444444444445,1607.7652777777778
697.2222222222222,1608.473611111111
691.6666666666666,1609.1680555555556
655.5555555555555,1609.8416666666667
702.7777777777778,1611.8791666666666
700.0,1612.5805555555555
708.3333333333334,1613.2847222222222
713.8888888888889,1613.9958333333334
705.5555555555555,1614.7055555555555
686.1111111111111,1615.401388888889
669.4444444444445,1616.0791666666667
669.4444444444445,1616.7486111111111
666.6666666666666,1617.4166666666667
711.1111111111111,1618.1055555555556
722.2222222222222,1618.8222222222223
711.1111111111111,1619.5388888888888
697.2222222222222,1620.2430555555557
683.3333333333334,1620.9333333333334
666.6666666666666,1621.6083333333333
666.6666666666666,1622.275
680.5555555555555,1622.9486111111112
672.2222222222222,1623.625
688.8888888888889,1624.3055555555557
705.5555555555555,1625.0027777777777
733.3333333333334,1625.7222222222222
691.6666666666666,1626.4347222222223
669.4444444444445,1627.1152777777777
655.5555555555555,1627.7777777777778
666.6666666666666,1628.4388888888889
655.5555555555555,1629.1
686.1111111111111,1629.7708333333333
722.2222222222222,1630.475
705.5555555555555,1631.1888888888889
691.6666666666666,1631.8875
691.6666666666666,1632.5791666666667
694.4444444444445,1633.2722222222221
658.3333333333334,1633.9486111111112
658.3333333333334,1634.6069444444445
669.4444444444445,1635.2708333333333
691.6666666666666,1635.951388888889
694.4444444444445,1636.6444444444444
725.0,1637.3541666666667
716.6666666666666,1638.075
683.3333333333334,1638.775
661.1111111111111,1639.4472222222223
672.2222222222222,1640.1138888888888
688.8888888888889,1640.7944444444445
677.7777777777778,1641.4777777777779
691.6666666666666,1642.1625
711.1111111111111,1642.8638888888888
711.1111111111111,1643.575
694.4444444444445,1644.2777777777778
697.2222222222222,1644.973611111111
666.6666666666666,1645.6555555555556
655.5555555555555,1646.3166666666666
655.5555555555555,1646.9722222222222
691.6666666666666,1647.6458333333333
711.1111111111111,1648.3472222222222
697.2222222222222,1649.0513888888888
688.8888888888889,1649.7444444444445
683.3333333333334,1650.4305555555557
683.3333333333334,1651.1138888888888
655.5555555555555,1651.7833333333333
663.8888888888889,1652.4430555555555
716.6666666666666,1655.1638888888888
716.6666666666666,1655.8805555555555
694.4444444444445,1656.5861111111112
650.0,1657.2583333333334
650.0,1657.9083333333333
669.4444444444445,1658.5680555555555
669.4444444444445,1659.2375
686.1111111111111,1659.9152777777779
708.3333333333334,1660.6125
711.1111111111111,1661.3222222222223
683.3333333333334,1662.0194444444444
694.4444444444445,1662.7083333333333
683.3333333333334,1663.3972222222221
661.1111111111111,1664.0694444444443
644.4444444444445,1664.7222222222222
663.8888888888889,1665.3763888888889
686.1111111111111,1666.0513888888888
708.3333333333334,1666.7486111111111
702.7777777777778,1667.4541666666667
702.7777777777778,1668.1569444444444
683.3333333333334,1668.85
644.4444444444445,1669.513888888889
672.2222222222222,1670.1722222222222
677.7777777777778,1670.8472222222222
675.0,1671.5236111111112
672.2222222222222,1672.1972222222223
697.2222222222222,1672.8819444444443
702.7777777777778,1673.5819444444444
697.2222222222222,1674.2819444444444
683.3333333333334,1674.9722222222222
655.5555555555555,1675.6416666666667
652.7777777777778,1676.2958333333333
644.4444444444445,1676.9444444444443
688.8888888888889,1677.611111111111
705.5555555555555,1678.3083333333334
702.7777777777778,1679.0125
686.1111111111111,1679.7069444444444
694.4444444444445,1680.3972222222221
666.6666666666666,1681.0777777777778
666.6666666666666,1681.7444444444445
675.0,1682.4152777777779
650.0,1683.0777777777778
666.6666666666666,1683.736111111111
691.6666666666666,1684.4152777777779
708.3333333333334,1685.1152777777777
697.2222222222222,1685.8180555555555
697.2222222222222,1686.5152777777778
647.2222222222222,1687.1875
650.0,1687.8361111111112
636.1111111111111,1688.4791666666667
663.8888888888889,1689.1291666666666
672.2222222222222,1689.7972222222222
677.7777777777778,1690.4722222222222
697.2222222222222,1692.5347222222222
672.2222222222222,1693.2194444444444
652.7777777777778,1693.8819444444443
636.1111111111111,1694.526388888889
647.2222222222222,1695.1680555555556
666.6666666666666,1695.825
683.3333333333334,1696.5
702.7777777777778,1697.1930555555555
680.5555555555555,1697.8847222222223
672.2222222222222,1698.5611111111111
641.6666666666666,1699.2180555555556
647.2222222222222,1699.8625
661.1111111111111,1700.5166666666667
655.5555555555555,1701.175
641.6666666666666,1701.8236111111112
677.7777777777778,1702.4833333333333
694.4444444444445,1703.1694444444445
686.1111111111111,1703.8597222222222
677.7777777777778,1704.5416666666667
658.3333333333334,1705.2097222222221
644.4444444444445,1705.861111111111
636.1111111111111,1706.5013888888889
655.5555555555555,1707.1472222222221
688.8888888888889,1707.8194444444443
680.5555555555555,1708.5041666666666
680.5555555555555,1709.1847222222223
675.0,1709.8625
677.7777777777778,1710.5388888888888
644.4444444444445,1711.2
641.6666666666666,1711.8430555555556
647.2222222222222,1712.4875
644.4444444444445,1713.1333333333334
652.7777777777778,1713.7819444444444
669.4444444444445,1714.4430555555555
663.8888888888889,1716.5013888888889
638.8888888888889,1717.1527777777778
638.8888888888889,1717.7916666666667
616.6666666666666,1718.4194444444445
650.0,1719.0527777777777
688.8888888888889,1721.075
677.7777777777778,1721.7583333333334
700.0,1722.4472222222223
672.2222222222222,1723.1333333333334
652.7777777777778,1723.7958333333333
641.6666666666666,1724.4430555555555
661.1111111111111,1725.0944444444444
669.4444444444445,1725.7597222222223
705.5555555555555,1726.4472222222223
725.0,1727.1625
694.4444444444445,1727.8722222222223
680.5555555555555,1728.5597222222223
669.4444444444445,1729.2347222222222
680.5555555555555,1729.9097222222222
658.3333333333334,1730.5791666666667
669.4444444444445,1731.2430555555557
680.5555555555555,1731.9180555555556
705.5555555555555,1732.611111111111
702.7777777777778,1733.3152777777777
719.4444444444445,1734.026388888889
705.5555555555555,1734.7388888888888
658.3333333333334,1735.4208333333333
658.3333333333334,1736.0791666666667
666.6666666666666,1736.7416666666666
691.6666666666666,1737.4208333333333
691.6666666666666,1738.1125
716.6666666666666,1738.8166666666666
702.7777777777778,1739.526388888889
697.2222222222222,1740.2263888888888
683.3333333333334,1740.9166666666667
680.5555555555555,1741.598611111111
677.7777777777778,1742.2777777777778
663.8888888888889,1742.9486111111112
675.0,1743.6180555555557
705.5555555555555,1744.3083333333334
741.6666666666666,1745.0319444444444
713.8888888888889,1745.7597222222223
700.0,1746.4666666666667
675.0,1747.1541666666667
675.0,1747.8291666666667
669.4444444444445,1748.5013888888889
675.0,1749.173611111111
697.2222222222222,1749.8597222222222
708.3333333333334,1750.5625
700.0,1751.2666666666667
711.1111111111111,1751.9722222222222
722.2222222222222,1752.6888888888889
669.4444444444445,1753.3847222222223
650.0,1754.0444444444445
666.6666666666666,1754.7027777777778
686.1111111111111,1755.3791666666666
705.5555555555555,1756.075
719.4444444444445,1756.7875
722.2222222222222,1757.5083333333334
711.1111111111111,1758.225
683.3333333333334,1758.9222222222222
691.6666666666666,1759.6097222222222
686.1111111111111,1760.298611111111
675.0,1760.9791666666667
675.0,1761.6541666666667
705.5555555555555,1762.3444444444444
725.0,1763.0597222222223
719.4444444444445,1763.7819444444444
722.2222222222222,1764.5027777777777
680.5555555555555,1765.2041666666667
669.4444444444445,1765.8791666666666
672.2222222222222,1766.55
702.7777777777778,1767.2375
705.5555555555555,1767.9416666666666
719.4444444444445,1768.6541666666667
719.4444444444445,1769.3736111111111
719.4444444444445,1770.0930555555556
688.8888888888889,1770.7972222222222
688.8888888888889,1771.486111111111
691.6666666666666,1772.1763888888888
672.2222222222222,1772.8583333333333
675.0,1773.5319444444444
716.6666666666666,1774.2277777777779
741.6666666666666,1774.9569444444444
711.1111111111111,1775.6833333333334
697.2222222222222,1776.3875
688.8888888888889,1777.0805555555555
677.7777777777778,1777.763888888889
669.4444444444445,1778.4375
688.8888888888889,1779.1166666666666
694.4444444444445,1779.8083333333334
711.1111111111111,1780.5111111111112
716.6666666666666,1781.225
736.1111111111111,1781.951388888889
705.5555555555555,1782.6722222222222
688.8888888888889,1783.3694444444445
663.8888888888889,1784.0458333333333
669.4444444444445,1784.7125
680.5555555555555,1785.3875
719.4444444444445,1786.0875
741.6666666666666,1786.8180555555555
711.1111111111111,1787.5444444444445
708.3333333333334,1788.2541666666666
700.0,1788.9583333333333
700.0,1789.6583333333333
680.5555555555555,1790.348611111111
683.3333333333334,1791.0305555555556
694.4444444444445,1791.7194444444444
727.7777777777778,1792.4305555555557
727.7777777777778,1793.1583333333333
741.6666666666666,1793.8930555555555
716.6666666666666,1794.6222222222223
700.0,1795.3305555555555
672.2222222222222,1796.0166666666667
691.6666666666666,1796.6986111111112
711.1111111111111,1797.4
716.6666666666666,1798.1138888888888
708.3333333333334,1798.826388888889
730.5555555555555,1799.5458333333333
716.6666666666666,1800.2694444444444
713.8888888888889,1800.9847222222222
694.4444444444445,1801.6888888888889
677.7777777777778,1802.375
677.7777777777778,1803.0527777777777
694.4444444444445,1803.7388888888888
747.2222222222222,1804.4597222222221
